"Employee_ID","Job_Role","Stress_Level","Productivity_Change","Social_Isolation_Rating"
"EMP0008","Data Scientist","Medium","Decrease","5"
"EMP0020","Software Engineer","Medium","Decrease","4"
"EMP0022","Sales","Medium","Decrease","3"
"EMP0032","Marketing","Medium","Decrease","3"
"EMP0033","Project Manager","Medium","Decrease","5"
"EMP0055","Software Engineer","Medium","Decrease","4"
"EMP0100","Project Manager","Medium","Decrease","3"
"EMP0107","HR","Medium","Decrease","4"
"EMP0146","Marketing","Medium","Decrease","4"
"EMP0172","Data Scientist","Medium","Decrease","3"
"EMP0178","Project Manager","Medium","Decrease","3"
"EMP0180","HR","Medium","Decrease","3"
"EMP0181","Data Scientist","Medium","Decrease","5"
"EMP0187","HR","Medium","Decrease","5"
"EMP0194","Sales","Medium","Decrease","5"
"EMP0196","Sales","Medium","Decrease","5"
"EMP0229","Marketing","Medium","Decrease","3"
"EMP0243","Project Manager","Medium","Decrease","5"
"EMP0249","HR","Medium","Decrease","5"
"EMP0256","Project Manager","Medium","Decrease","5"
"EMP0258","Designer","Medium","Decrease","3"
"EMP0264","Project Manager","Medium","Decrease","3"
"EMP0267","Project Manager","Medium","Decrease","3"
"EMP0268","HR","Medium","Decrease","5"
"EMP0283","Data Scientist","Medium","Decrease","5"
"EMP0301","Designer","Medium","Decrease","5"
"EMP0302","HR","Medium","Decrease","4"
"EMP0305","Project Manager","Medium","Decrease","5"
"EMP0333","Software Engineer","Medium","Decrease","5"
"EMP0350","HR","Medium","Decrease","4"
"EMP0354","Data Scientist","Medium","Decrease","5"
"EMP0358","Designer","Medium","Decrease","4"
"EMP0360","HR","Medium","Decrease","4"
"EMP0412","Designer","Medium","Decrease","5"
"EMP0414","Project Manager","Medium","Decrease","3"
"EMP0421","HR","Medium","Decrease","4"
"EMP0438","Project Manager","Medium","Decrease","5"
"EMP0440","Software Engineer","Medium","Decrease","3"
"EMP0454","Marketing","Medium","Decrease","5"
"EMP0468","Project Manager","Medium","Decrease","5"
"EMP0473","Designer","Medium","Decrease","5"
"EMP0482","Sales","Medium","Decrease","3"
"EMP0495","Software Engineer","Medium","Decrease","5"
"EMP0515","Project Manager","Medium","Decrease","4"
"EMP0524","Project Manager","Medium","Decrease","4"
"EMP0574","Marketing","Medium","Decrease","4"
"EMP0576","Project Manager","Medium","Decrease","4"
"EMP0582","Marketing","Medium","Decrease","4"
"EMP0584","HR","Medium","Decrease","4"
"EMP0589","Designer","Medium","Decrease","4"
"EMP0612","HR","Medium","Decrease","4"
"EMP0613","Marketing","Medium","Decrease","3"
"EMP0627","Software Engineer","Medium","Decrease","3"
"EMP0645","Sales","Medium","Decrease","3"
"EMP0652","HR","Medium","Decrease","4"
"EMP0657","Software Engineer","Medium","Decrease","3"
"EMP0690","Software Engineer","Medium","Decrease","4"
"EMP0697","HR","Medium","Decrease","3"
"EMP0708","Project Manager","Medium","Decrease","3"
"EMP0730","Project Manager","Medium","Decrease","3"
"EMP0764","Software Engineer","Medium","Decrease","3"
"EMP0765","Software Engineer","Medium","Decrease","3"
"EMP0778","Marketing","Medium","Decrease","4"
"EMP0801","Marketing","Medium","Decrease","5"
"EMP0816","Software Engineer","Medium","Decrease","3"
"EMP0819","Marketing","Medium","Decrease","3"
"EMP0830","Marketing","Medium","Decrease","3"
"EMP0907","Designer","Medium","Decrease","5"
"EMP0915","Designer","Medium","Decrease","3"
"EMP0928","Sales","Medium","Decrease","3"
"EMP0935","Software Engineer","Medium","Decrease","4"
"EMP0942","HR","Medium","Decrease","5"
"EMP0971","Software Engineer","Medium","Decrease","4"
"EMP0991","Software Engineer","Medium","Decrease","5"
"EMP1004","HR","Medium","Decrease","4"
"EMP1011","Sales","Medium","Decrease","4"
"EMP1018","Designer","Medium","Decrease","5"
"EMP1031","HR","Medium","Decrease","3"
"EMP1033","Designer","Medium","Decrease","4"
"EMP1067","Project Manager","Medium","Decrease","5"
"EMP1096","HR","Medium","Decrease","4"
"EMP1113","Data Scientist","Medium","Decrease","4"
"EMP1120","Sales","Medium","Decrease","5"
"EMP1123","Marketing","Medium","Decrease","3"
"EMP1125","Project Manager","Medium","Decrease","4"
"EMP1128","Sales","Medium","Decrease","4"
"EMP1148","Designer","Medium","Decrease","4"
"EMP1167","Project Manager","Medium","Decrease","4"
"EMP1173","HR","Medium","Decrease","5"
"EMP1174","Designer","Medium","Decrease","4"
"EMP1192","Designer","Medium","Decrease","4"
"EMP1203","Software Engineer","Medium","Decrease","3"
"EMP1208","Sales","Medium","Decrease","4"
"EMP1211","HR","Medium","Decrease","5"
"EMP1228","Data Scientist","Medium","Decrease","3"
"EMP1243","Data Scientist","Medium","Decrease","5"
"EMP1274","Project Manager","Medium","Decrease","4"
"EMP1281","Data Scientist","Medium","Decrease","4"
"EMP1302","Project Manager","Medium","Decrease","5"
"EMP1324","Marketing","Medium","Decrease","5"
"EMP1353","Project Manager","Medium","Decrease","3"
"EMP1360","HR","Medium","Decrease","4"
"EMP1364","HR","Medium","Decrease","5"
"EMP1369","Marketing","Medium","Decrease","5"
"EMP1392","Sales","Medium","Decrease","5"
"EMP1457","Project Manager","Medium","Decrease","4"
"EMP1468","Data Scientist","Medium","Decrease","4"
"EMP1474","Software Engineer","Medium","Decrease","3"
"EMP1489","Marketing","Medium","Decrease","3"
"EMP1495","Data Scientist","Medium","Decrease","5"
"EMP1528","Designer","Medium","Decrease","5"
"EMP1564","Data Scientist","Medium","Decrease","3"
"EMP1568","Project Manager","Medium","Decrease","4"
"EMP1570","Sales","Medium","Decrease","5"
"EMP1583","Software Engineer","Medium","Decrease","4"
"EMP1585","Marketing","Medium","Decrease","3"
"EMP1586","Designer","Medium","Decrease","5"
"EMP1611","Project Manager","Medium","Decrease","5"
"EMP1627","Designer","Medium","Decrease","3"
"EMP1640","Software Engineer","Medium","Decrease","4"
"EMP1657","Software Engineer","Medium","Decrease","5"
"EMP1667","Software Engineer","Medium","Decrease","5"
"EMP1686","Software Engineer","Medium","Decrease","5"
"EMP1688","Sales","Medium","Decrease","5"
"EMP1691","Software Engineer","Medium","Decrease","5"
"EMP1708","Software Engineer","Medium","Decrease","5"
"EMP1714","Software Engineer","Medium","Decrease","4"
"EMP1725","Software Engineer","Medium","Decrease","5"
"EMP1728","Project Manager","Medium","Decrease","4"
"EMP1765","Software Engineer","Medium","Decrease","4"
"EMP1788","Software Engineer","Medium","Decrease","5"
"EMP1822","Software Engineer","Medium","Decrease","3"
"EMP1827","Designer","Medium","Decrease","3"
"EMP1832","Marketing","Medium","Decrease","4"
"EMP1843","Software Engineer","Medium","Decrease","3"
"EMP1886","Sales","Medium","Decrease","4"
"EMP1889","Software Engineer","Medium","Decrease","4"
"EMP1924","Data Scientist","Medium","Decrease","4"
"EMP1928","Data Scientist","Medium","Decrease","5"
"EMP1947","Data Scientist","Medium","Decrease","3"
"EMP1948","Project Manager","Medium","Decrease","5"
"EMP1950","Project Manager","Medium","Decrease","3"
"EMP1983","Designer","Medium","Decrease","4"
"EMP1988","Data Scientist","Medium","Decrease","3"
"EMP2002","HR","Medium","Decrease","4"
"EMP2036","HR","Medium","Decrease","5"
"EMP2044","Software Engineer","Medium","Decrease","3"
"EMP2053","HR","Medium","Decrease","5"
"EMP2062","Data Scientist","Medium","Decrease","4"
"EMP2094","Sales","Medium","Decrease","4"
"EMP2112","Software Engineer","Medium","Decrease","4"
"EMP2145","Project Manager","Medium","Decrease","5"
"EMP2177","Project Manager","Medium","Decrease","3"
"EMP2191","Sales","Medium","Decrease","5"
"EMP2199","Project Manager","Medium","Decrease","4"
"EMP2208","Designer","Medium","Decrease","3"
"EMP2221","Sales","Medium","Decrease","5"
"EMP2245","HR","Medium","Decrease","5"
"EMP2251","Designer","Medium","Decrease","5"
"EMP2257","Software Engineer","Medium","Decrease","4"
"EMP2270","Marketing","Medium","Decrease","3"
"EMP2330","Data Scientist","Medium","Decrease","3"
"EMP2342","Project Manager","Medium","Decrease","3"
"EMP2344","Software Engineer","Medium","Decrease","4"
"EMP2345","Project Manager","Medium","Decrease","4"
"EMP2360","Designer","Medium","Decrease","3"
"EMP2375","Sales","Medium","Decrease","3"
"EMP2381","HR","Medium","Decrease","3"
"EMP2399","HR","Medium","Decrease","5"
"EMP2417","Designer","Medium","Decrease","3"
"EMP2430","Sales","Medium","Decrease","4"
"EMP2460","Marketing","Medium","Decrease","3"
"EMP2492","Marketing","Medium","Decrease","4"
"EMP2493","HR","Medium","Decrease","4"
"EMP2503","HR","Medium","Decrease","4"
"EMP2536","Software Engineer","Medium","Decrease","3"
"EMP2548","Sales","Medium","Decrease","3"
"EMP2549","Designer","Medium","Decrease","3"
"EMP2611","Marketing","Medium","Decrease","3"
"EMP2672","HR","Medium","Decrease","5"
"EMP2683","Data Scientist","Medium","Decrease","5"
"EMP2684","Software Engineer","Medium","Decrease","3"
"EMP2685","Designer","Medium","Decrease","5"
"EMP2687","Software Engineer","Medium","Decrease","5"
"EMP2696","HR","Medium","Decrease","3"
"EMP2705","Software Engineer","Medium","Decrease","5"
"EMP2707","HR","Medium","Decrease","4"
"EMP2732","Project Manager","Medium","Decrease","3"
"EMP2774","Sales","Medium","Decrease","5"
"EMP2776","HR","Medium","Decrease","5"
"EMP2799","Project Manager","Medium","Decrease","5"
"EMP2825","Designer","Medium","Decrease","5"
"EMP2835","HR","Medium","Decrease","3"
"EMP2840","Software Engineer","Medium","Decrease","5"
"EMP2851","Marketing","Medium","Decrease","3"
"EMP2880","Data Scientist","Medium","Decrease","5"
"EMP2896","Marketing","Medium","Decrease","4"
"EMP2909","Marketing","Medium","Decrease","4"
"EMP2923","Software Engineer","Medium","Decrease","5"
"EMP2927","Marketing","Medium","Decrease","4"
"EMP2930","Designer","Medium","Decrease","4"
"EMP2932","Software Engineer","Medium","Decrease","4"
"EMP2936","Project Manager","Medium","Decrease","5"
"EMP2947","Sales","Medium","Decrease","3"
"EMP2960","Designer","Medium","Decrease","5"
"EMP2968","Designer","Medium","Decrease","3"
"EMP2978","Marketing","Medium","Decrease","5"
"EMP3007","HR","Medium","Decrease","5"
"EMP3010","Designer","Medium","Decrease","5"
"EMP3019","Designer","Medium","Decrease","3"
"EMP3040","Project Manager","Medium","Decrease","4"
"EMP3050","Marketing","Medium","Decrease","4"
"EMP3055","Marketing","Medium","Decrease","5"
"EMP3061","HR","Medium","Decrease","5"
"EMP3084","HR","Medium","Decrease","5"
"EMP3116","Data Scientist","Medium","Decrease","3"
"EMP3168","Designer","Medium","Decrease","3"
"EMP3187","Project Manager","Medium","Decrease","5"
"EMP3205","Software Engineer","Medium","Decrease","4"
"EMP3231","Designer","Medium","Decrease","4"
"EMP3233","Software Engineer","Medium","Decrease","4"
"EMP3235","Marketing","Medium","Decrease","3"
"EMP3238","Project Manager","Medium","Decrease","3"
"EMP3268","HR","Medium","Decrease","4"
"EMP3366","Designer","Medium","Decrease","5"
"EMP3367","Project Manager","Medium","Decrease","3"
"EMP3380","Data Scientist","Medium","Decrease","3"
"EMP3390","HR","Medium","Decrease","3"
"EMP3393","Marketing","Medium","Decrease","3"
"EMP3413","Sales","Medium","Decrease","5"
"EMP3422","Designer","Medium","Decrease","4"
"EMP3425","Designer","Medium","Decrease","4"
"EMP3455","Data Scientist","Medium","Decrease","3"
"EMP3462","Sales","Medium","Decrease","5"
"EMP3475","Designer","Medium","Decrease","3"
"EMP3498","HR","Medium","Decrease","3"
"EMP3500","Designer","Medium","Decrease","3"
"EMP3543","Project Manager","Medium","Decrease","5"
"EMP3545","HR","Medium","Decrease","5"
"EMP3554","Sales","Medium","Decrease","4"
"EMP3617","Project Manager","Medium","Decrease","3"
"EMP3626","Designer","Medium","Decrease","5"
"EMP3663","Designer","Medium","Decrease","5"
"EMP3688","Designer","Medium","Decrease","4"
"EMP3691","Marketing","Medium","Decrease","3"
"EMP3700","Project Manager","Medium","Decrease","3"
"EMP3706","HR","Medium","Decrease","4"
"EMP3730","Data Scientist","Medium","Decrease","5"
"EMP3739","HR","Medium","Decrease","5"
"EMP3741","Marketing","Medium","Decrease","5"
"EMP3754","Marketing","Medium","Decrease","5"
"EMP3755","Project Manager","Medium","Decrease","5"
"EMP3768","Sales","Medium","Decrease","3"
"EMP3795","Sales","Medium","Decrease","4"
"EMP3798","Designer","Medium","Decrease","3"
"EMP3804","Sales","Medium","Decrease","5"
"EMP3822","Designer","Medium","Decrease","5"
"EMP3836","Sales","Medium","Decrease","5"
"EMP3890","Data Scientist","Medium","Decrease","5"
"EMP3902","HR","Medium","Decrease","5"
"EMP3929","HR","Medium","Decrease","3"
"EMP3934","Project Manager","Medium","Decrease","3"
"EMP3947","Designer","Medium","Decrease","3"
"EMP3955","Software Engineer","Medium","Decrease","4"
"EMP3991","HR","Medium","Decrease","3"
"EMP4083","Marketing","Medium","Decrease","5"
"EMP4086","Project Manager","Medium","Decrease","5"
"EMP4107","Marketing","Medium","Decrease","5"
"EMP4124","Sales","Medium","Decrease","5"
"EMP4153","Sales","Medium","Decrease","4"
"EMP4157","Marketing","Medium","Decrease","4"
"EMP4160","Marketing","Medium","Decrease","3"
"EMP4167","Sales","Medium","Decrease","5"
"EMP4189","Software Engineer","Medium","Decrease","3"
"EMP4208","Designer","Medium","Decrease","4"
"EMP4236","Designer","Medium","Decrease","4"
"EMP4250","Software Engineer","Medium","Decrease","3"
"EMP4264","Marketing","Medium","Decrease","4"
"EMP4287","Marketing","Medium","Decrease","5"
"EMP4295","Marketing","Medium","Decrease","4"
"EMP4299","Software Engineer","Medium","Decrease","3"
"EMP4309","Project Manager","Medium","Decrease","4"
"EMP4330","Marketing","Medium","Decrease","3"
"EMP4336","Data Scientist","Medium","Decrease","4"
"EMP4343","Designer","Medium","Decrease","4"
"EMP4348","Sales","Medium","Decrease","5"
"EMP4355","Project Manager","Medium","Decrease","5"
"EMP4374","HR","Medium","Decrease","3"
"EMP4384","Project Manager","Medium","Decrease","3"
"EMP4390","HR","Medium","Decrease","4"
"EMP4394","Software Engineer","Medium","Decrease","3"
"EMP4397","Sales","Medium","Decrease","4"
"EMP4411","Software Engineer","Medium","Decrease","5"
"EMP4422","Data Scientist","Medium","Decrease","5"
"EMP4428","Data Scientist","Medium","Decrease","4"
"EMP4467","HR","Medium","Decrease","4"
"EMP4515","Data Scientist","Medium","Decrease","4"
"EMP4519","Sales","Medium","Decrease","3"
"EMP4551","Data Scientist","Medium","Decrease","5"
"EMP4554","Marketing","Medium","Decrease","4"
"EMP4557","Software Engineer","Medium","Decrease","5"
"EMP4581","Software Engineer","Medium","Decrease","3"
"EMP4618","Designer","Medium","Decrease","4"
"EMP4704","Sales","Medium","Decrease","3"
"EMP4708","Project Manager","Medium","Decrease","3"
"EMP4784","Sales","Medium","Decrease","4"
"EMP4802","Marketing","Medium","Decrease","5"
"EMP4807","Software Engineer","Medium","Decrease","4"
"EMP4815","Sales","Medium","Decrease","4"
"EMP4838","Project Manager","Medium","Decrease","5"
"EMP4855","Project Manager","Medium","Decrease","5"
"EMP4898","Software Engineer","Medium","Decrease","3"
"EMP4901","Marketing","Medium","Decrease","5"
"EMP4915","Sales","Medium","Decrease","4"
"EMP4952","HR","Medium","Decrease","3"
"EMP4985","Designer","Medium","Decrease","4"
"EMP0007","Sales","Low","Decrease","5"
"EMP0018","Data Scientist","Low","Decrease","5"
"EMP0037","Sales","Low","Decrease","5"
"EMP0052","Sales","Low","Decrease","4"
"EMP0105","Designer","Low","Decrease","4"
"EMP0112","HR","Low","Decrease","5"
"EMP0130","Sales","Low","Decrease","5"
"EMP0134","Marketing","Low","Decrease","4"
"EMP0140","Project Manager","Low","Decrease","5"
"EMP0142","Project Manager","Low","Decrease","5"
"EMP0156","Project Manager","Low","Decrease","4"
"EMP0175","HR","Low","Decrease","3"
"EMP0182","Marketing","Low","Decrease","4"
"EMP0191","Data Scientist","Low","Decrease","5"
"EMP0208","Designer","Low","Decrease","5"
"EMP0214","Project Manager","Low","Decrease","4"
"EMP0230","HR","Low","Decrease","3"
"EMP0232","Marketing","Low","Decrease","3"
"EMP0289","Designer","Low","Decrease","5"
"EMP0294","Designer","Low","Decrease","3"
"EMP0295","Marketing","Low","Decrease","5"
"EMP0299","Marketing","Low","Decrease","4"
"EMP0300","Data Scientist","Low","Decrease","3"
"EMP0307","Marketing","Low","Decrease","4"
"EMP0317","Marketing","Low","Decrease","3"
"EMP0323","Marketing","Low","Decrease","4"
"EMP0342","HR","Low","Decrease","5"
"EMP0409","Data Scientist","Low","Decrease","5"
"EMP0416","Sales","Low","Decrease","4"
"EMP0434","Designer","Low","Decrease","3"
"EMP0449","HR","Low","Decrease","4"
"EMP0455","Data Scientist","Low","Decrease","4"
"EMP0469","HR","Low","Decrease","4"
"EMP0501","Data Scientist","Low","Decrease","4"
"EMP0504","Sales","Low","Decrease","3"
"EMP0507","Sales","Low","Decrease","5"
"EMP0511","HR","Low","Decrease","3"
"EMP0521","HR","Low","Decrease","5"
"EMP0545","Software Engineer","Low","Decrease","3"
"EMP0555","Project Manager","Low","Decrease","5"
"EMP0558","Sales","Low","Decrease","5"
"EMP0580","HR","Low","Decrease","4"
"EMP0591","Project Manager","Low","Decrease","4"
"EMP0600","Software Engineer","Low","Decrease","4"
"EMP0601","Designer","Low","Decrease","3"
"EMP0607","Designer","Low","Decrease","3"
"EMP0626","Project Manager","Low","Decrease","3"
"EMP0648","Designer","Low","Decrease","3"
"EMP0649","Marketing","Low","Decrease","4"
"EMP0674","Sales","Low","Decrease","4"
"EMP0709","Designer","Low","Decrease","5"
"EMP0750","Sales","Low","Decrease","5"
"EMP0755","Designer","Low","Decrease","3"
"EMP0763","Marketing","Low","Decrease","4"
"EMP0786","HR","Low","Decrease","5"
"EMP0790","Data Scientist","Low","Decrease","5"
"EMP0800","Marketing","Low","Decrease","3"
"EMP0808","Designer","Low","Decrease","5"
"EMP0825","Sales","Low","Decrease","5"
"EMP0842","Designer","Low","Decrease","5"
"EMP0846","Project Manager","Low","Decrease","3"
"EMP0867","HR","Low","Decrease","4"
"EMP0870","Sales","Low","Decrease","3"
"EMP0876","Designer","Low","Decrease","4"
"EMP0889","Marketing","Low","Decrease","3"
"EMP0910","Software Engineer","Low","Decrease","3"
"EMP0949","Software Engineer","Low","Decrease","4"
"EMP0966","Project Manager","Low","Decrease","3"
"EMP0969","HR","Low","Decrease","3"
"EMP1009","Project Manager","Low","Decrease","3"
"EMP1016","Software Engineer","Low","Decrease","4"
"EMP1076","Designer","Low","Decrease","4"
"EMP1087","Project Manager","Low","Decrease","3"
"EMP1094","HR","Low","Decrease","5"
"EMP1109","HR","Low","Decrease","4"
"EMP1145","HR","Low","Decrease","4"
"EMP1188","Software Engineer","Low","Decrease","3"
"EMP1193","Marketing","Low","Decrease","4"
"EMP1207","Marketing","Low","Decrease","3"
"EMP1250","HR","Low","Decrease","5"
"EMP1275","Software Engineer","Low","Decrease","4"
"EMP1303","Sales","Low","Decrease","4"
"EMP1312","Designer","Low","Decrease","3"
"EMP1320","Software Engineer","Low","Decrease","3"
"EMP1331","Software Engineer","Low","Decrease","5"
"EMP1341","HR","Low","Decrease","3"
"EMP1359","Project Manager","Low","Decrease","3"
"EMP1385","HR","Low","Decrease","5"
"EMP1399","Data Scientist","Low","Decrease","4"
"EMP1400","HR","Low","Decrease","4"
"EMP1405","Marketing","Low","Decrease","3"
"EMP1406","Designer","Low","Decrease","4"
"EMP1412","Sales","Low","Decrease","4"
"EMP1431","Marketing","Low","Decrease","5"
"EMP1449","Sales","Low","Decrease","4"
"EMP1475","Sales","Low","Decrease","5"
"EMP1485","Project Manager","Low","Decrease","4"
"EMP1502","Software Engineer","Low","Decrease","5"
"EMP1503","Designer","Low","Decrease","4"
"EMP1526","Software Engineer","Low","Decrease","4"
"EMP1542","HR","Low","Decrease","4"
"EMP1543","Designer","Low","Decrease","5"
"EMP1562","Marketing","Low","Decrease","3"
"EMP1565","HR","Low","Decrease","5"
"EMP1597","Marketing","Low","Decrease","5"
"EMP1600","Project Manager","Low","Decrease","4"
"EMP1603","HR","Low","Decrease","5"
"EMP1608","Project Manager","Low","Decrease","4"
"EMP1616","Project Manager","Low","Decrease","4"
"EMP1622","Data Scientist","Low","Decrease","5"
"EMP1635","Software Engineer","Low","Decrease","5"
"EMP1659","HR","Low","Decrease","5"
"EMP1684","Software Engineer","Low","Decrease","4"
"EMP1695","Project Manager","Low","Decrease","3"
"EMP1713","Project Manager","Low","Decrease","3"
"EMP1735","Designer","Low","Decrease","5"
"EMP1744","Marketing","Low","Decrease","4"
"EMP1780","Sales","Low","Decrease","5"
"EMP1834","Marketing","Low","Decrease","5"
"EMP1845","Sales","Low","Decrease","4"
"EMP1850","Marketing","Low","Decrease","4"
"EMP1854","Software Engineer","Low","Decrease","3"
"EMP1892","Marketing","Low","Decrease","5"
"EMP1897","Sales","Low","Decrease","5"
"EMP1909","Data Scientist","Low","Decrease","4"
"EMP1916","HR","Low","Decrease","4"
"EMP1922","Data Scientist","Low","Decrease","3"
"EMP1939","Software Engineer","Low","Decrease","4"
"EMP1940","Data Scientist","Low","Decrease","5"
"EMP1942","Data Scientist","Low","Decrease","3"
"EMP1951","Designer","Low","Decrease","4"
"EMP1982","Marketing","Low","Decrease","5"
"EMP1992","Sales","Low","Decrease","3"
"EMP1993","Sales","Low","Decrease","4"
"EMP1996","Sales","Low","Decrease","5"
"EMP1998","Data Scientist","Low","Decrease","5"
"EMP2028","Sales","Low","Decrease","5"
"EMP2034","Designer","Low","Decrease","4"
"EMP2067","HR","Low","Decrease","5"
"EMP2069","Designer","Low","Decrease","4"
"EMP2081","HR","Low","Decrease","3"
"EMP2084","Project Manager","Low","Decrease","3"
"EMP2086","Software Engineer","Low","Decrease","5"
"EMP2095","Sales","Low","Decrease","4"
"EMP2099","Designer","Low","Decrease","3"
"EMP2107","HR","Low","Decrease","5"
"EMP2151","Data Scientist","Low","Decrease","5"
"EMP2154","Marketing","Low","Decrease","4"
"EMP2165","HR","Low","Decrease","3"
"EMP2183","Sales","Low","Decrease","5"
"EMP2187","Project Manager","Low","Decrease","4"
"EMP2192","Marketing","Low","Decrease","5"
"EMP2206","Designer","Low","Decrease","4"
"EMP2233","Data Scientist","Low","Decrease","4"
"EMP2246","Software Engineer","Low","Decrease","4"
"EMP2261","Designer","Low","Decrease","5"
"EMP2277","Sales","Low","Decrease","3"
"EMP2286","Sales","Low","Decrease","5"
"EMP2304","Designer","Low","Decrease","5"
"EMP2309","Data Scientist","Low","Decrease","4"
"EMP2310","Project Manager","Low","Decrease","3"
"EMP2321","Sales","Low","Decrease","5"
"EMP2331","Designer","Low","Decrease","3"
"EMP2339","Software Engineer","Low","Decrease","3"
"EMP2355","HR","Low","Decrease","3"
"EMP2356","Marketing","Low","Decrease","3"
"EMP2358","Software Engineer","Low","Decrease","3"
"EMP2361","HR","Low","Decrease","3"
"EMP2364","Project Manager","Low","Decrease","3"
"EMP2383","Software Engineer","Low","Decrease","4"
"EMP2435","Designer","Low","Decrease","4"
"EMP2459","Marketing","Low","Decrease","3"
"EMP2481","Software Engineer","Low","Decrease","5"
"EMP2482","HR","Low","Decrease","5"
"EMP2490","Sales","Low","Decrease","5"
"EMP2519","HR","Low","Decrease","5"
"EMP2526","Software Engineer","Low","Decrease","5"
"EMP2542","Designer","Low","Decrease","5"
"EMP2554","HR","Low","Decrease","3"
"EMP2581","Marketing","Low","Decrease","3"
"EMP2586","Data Scientist","Low","Decrease","5"
"EMP2605","Sales","Low","Decrease","3"
"EMP2614","Data Scientist","Low","Decrease","3"
"EMP2619","Sales","Low","Decrease","4"
"EMP2652","Designer","Low","Decrease","4"
"EMP2659","Data Scientist","Low","Decrease","3"
"EMP2661","Designer","Low","Decrease","3"
"EMP2671","Sales","Low","Decrease","4"
"EMP2680","Data Scientist","Low","Decrease","4"
"EMP2695","HR","Low","Decrease","4"
"EMP2699","HR","Low","Decrease","5"
"EMP2742","Project Manager","Low","Decrease","3"
"EMP2765","Designer","Low","Decrease","4"
"EMP2770","Marketing","Low","Decrease","5"
"EMP2778","Data Scientist","Low","Decrease","5"
"EMP2788","Data Scientist","Low","Decrease","4"
"EMP2790","Sales","Low","Decrease","3"
"EMP2807","HR","Low","Decrease","5"
"EMP2822","Project Manager","Low","Decrease","4"
"EMP2849","Project Manager","Low","Decrease","4"
"EMP2866","Marketing","Low","Decrease","4"
"EMP2868","HR","Low","Decrease","3"
"EMP2869","Sales","Low","Decrease","5"
"EMP2889","HR","Low","Decrease","4"
"EMP2948","Project Manager","Low","Decrease","3"
"EMP2975","Software Engineer","Low","Decrease","3"
"EMP3035","Marketing","Low","Decrease","5"
"EMP3057","Data Scientist","Low","Decrease","3"
"EMP3064","Sales","Low","Decrease","3"
"EMP3085","Designer","Low","Decrease","5"
"EMP3087","Sales","Low","Decrease","3"
"EMP3092","Data Scientist","Low","Decrease","5"
"EMP3117","Data Scientist","Low","Decrease","3"
"EMP3145","Software Engineer","Low","Decrease","4"
"EMP3150","Designer","Low","Decrease","3"
"EMP3156","Data Scientist","Low","Decrease","5"
"EMP3157","HR","Low","Decrease","4"
"EMP3162","Designer","Low","Decrease","3"
"EMP3172","Data Scientist","Low","Decrease","5"
"EMP3173","Data Scientist","Low","Decrease","4"
"EMP3203","Project Manager","Low","Decrease","4"
"EMP3206","Software Engineer","Low","Decrease","4"
"EMP3213","HR","Low","Decrease","4"
"EMP3217","Designer","Low","Decrease","5"
"EMP3229","HR","Low","Decrease","5"
"EMP3236","Data Scientist","Low","Decrease","4"
"EMP3242","Data Scientist","Low","Decrease","3"
"EMP3258","HR","Low","Decrease","4"
"EMP3271","Software Engineer","Low","Decrease","5"
"EMP3276","Project Manager","Low","Decrease","4"
"EMP3302","HR","Low","Decrease","3"
"EMP3319","Sales","Low","Decrease","4"
"EMP3330","HR","Low","Decrease","4"
"EMP3338","HR","Low","Decrease","4"
"EMP3354","Designer","Low","Decrease","5"
"EMP3357","Software Engineer","Low","Decrease","5"
"EMP3369","Data Scientist","Low","Decrease","3"
"EMP3370","Project Manager","Low","Decrease","3"
"EMP3382","Software Engineer","Low","Decrease","4"
"EMP3410","Designer","Low","Decrease","5"
"EMP3417","HR","Low","Decrease","3"
"EMP3423","Designer","Low","Decrease","4"
"EMP3434","Marketing","Low","Decrease","3"
"EMP3439","HR","Low","Decrease","3"
"EMP3453","Software Engineer","Low","Decrease","4"
"EMP3481","Sales","Low","Decrease","4"
"EMP3493","Designer","Low","Decrease","5"
"EMP3505","Data Scientist","Low","Decrease","3"
"EMP3530","Designer","Low","Decrease","3"
"EMP3547","Sales","Low","Decrease","5"
"EMP3564","Software Engineer","Low","Decrease","3"
"EMP3577","Software Engineer","Low","Decrease","5"
"EMP3589","Designer","Low","Decrease","4"
"EMP3603","Designer","Low","Decrease","5"
"EMP3606","Software Engineer","Low","Decrease","3"
"EMP3632","Project Manager","Low","Decrease","4"
"EMP3640","Project Manager","Low","Decrease","5"
"EMP3649","Data Scientist","Low","Decrease","3"
"EMP3656","Data Scientist","Low","Decrease","3"
"EMP3657","Marketing","Low","Decrease","5"
"EMP3678","Marketing","Low","Decrease","5"
"EMP3680","Sales","Low","Decrease","5"
"EMP3696","Software Engineer","Low","Decrease","4"
"EMP3717","Marketing","Low","Decrease","3"
"EMP3731","Sales","Low","Decrease","3"
"EMP3760","Data Scientist","Low","Decrease","5"
"EMP3770","Project Manager","Low","Decrease","3"
"EMP3801","HR","Low","Decrease","3"
"EMP3826","Project Manager","Low","Decrease","4"
"EMP3841","Project Manager","Low","Decrease","4"
"EMP3853","Data Scientist","Low","Decrease","4"
"EMP3857","Project Manager","Low","Decrease","3"
"EMP3860","Sales","Low","Decrease","4"
"EMP3863","Sales","Low","Decrease","4"
"EMP3864","Sales","Low","Decrease","4"
"EMP3877","Data Scientist","Low","Decrease","3"
"EMP3879","Project Manager","Low","Decrease","5"
"EMP3884","Project Manager","Low","Decrease","4"
"EMP3910","Marketing","Low","Decrease","3"
"EMP3928","Project Manager","Low","Decrease","4"
"EMP3961","Marketing","Low","Decrease","5"
"EMP3967","Designer","Low","Decrease","5"
"EMP3969","Data Scientist","Low","Decrease","5"
"EMP3972","Marketing","Low","Decrease","4"
"EMP3978","Data Scientist","Low","Decrease","5"
"EMP3981","Software Engineer","Low","Decrease","4"
"EMP3988","HR","Low","Decrease","4"
"EMP4000","HR","Low","Decrease","4"
"EMP4010","HR","Low","Decrease","5"
"EMP4020","HR","Low","Decrease","4"
"EMP4022","HR","Low","Decrease","4"
"EMP4033","Project Manager","Low","Decrease","4"
"EMP4057","Software Engineer","Low","Decrease","3"
"EMP4065","Marketing","Low","Decrease","4"
"EMP4066","HR","Low","Decrease","3"
"EMP4127","Designer","Low","Decrease","4"
"EMP4154","Project Manager","Low","Decrease","3"
"EMP4159","HR","Low","Decrease","4"
"EMP4163","Software Engineer","Low","Decrease","4"
"EMP4168","Sales","Low","Decrease","3"
"EMP4176","HR","Low","Decrease","5"
"EMP4198","Sales","Low","Decrease","5"
"EMP4199","Data Scientist","Low","Decrease","3"
"EMP4211","Designer","Low","Decrease","3"
"EMP4221","HR","Low","Decrease","4"
"EMP4239","Marketing","Low","Decrease","3"
"EMP4242","Project Manager","Low","Decrease","5"
"EMP4244","Project Manager","Low","Decrease","4"
"EMP4283","Designer","Low","Decrease","3"
"EMP4333","Marketing","Low","Decrease","4"
"EMP4334","Project Manager","Low","Decrease","3"
"EMP4341","Marketing","Low","Decrease","4"
"EMP4371","Designer","Low","Decrease","5"
"EMP4377","Project Manager","Low","Decrease","3"
"EMP4401","Designer","Low","Decrease","4"
"EMP4408","Designer","Low","Decrease","5"
"EMP4444","Data Scientist","Low","Decrease","5"
"EMP4456","Project Manager","Low","Decrease","3"
"EMP4463","Marketing","Low","Decrease","3"
"EMP4488","Designer","Low","Decrease","3"
"EMP4503","Designer","Low","Decrease","3"
"EMP4532","Project Manager","Low","Decrease","4"
"EMP4533","Software Engineer","Low","Decrease","4"
"EMP4535","HR","Low","Decrease","4"
"EMP4537","Software Engineer","Low","Decrease","4"
"EMP4549","Designer","Low","Decrease","5"
"EMP4563","Software Engineer","Low","Decrease","5"
"EMP4567","Designer","Low","Decrease","5"
"EMP4590","Sales","Low","Decrease","5"
"EMP4593","Data Scientist","Low","Decrease","5"
"EMP4600","Data Scientist","Low","Decrease","4"
"EMP4602","Project Manager","Low","Decrease","4"
"EMP4612","Software Engineer","Low","Decrease","4"
"EMP4616","Designer","Low","Decrease","5"
"EMP4623","HR","Low","Decrease","3"
"EMP4683","Data Scientist","Low","Decrease","4"
"EMP4707","HR","Low","Decrease","5"
"EMP4721","Software Engineer","Low","Decrease","3"
"EMP4727","Data Scientist","Low","Decrease","3"
"EMP4757","Marketing","Low","Decrease","3"
"EMP4759","Sales","Low","Decrease","5"
"EMP4783","Project Manager","Low","Decrease","5"
"EMP4797","Project Manager","Low","Decrease","4"
"EMP4811","Project Manager","Low","Decrease","3"
"EMP4830","Designer","Low","Decrease","5"
"EMP4840","Sales","Low","Decrease","4"
"EMP4847","Project Manager","Low","Decrease","5"
"EMP4857","Designer","Low","Decrease","4"
"EMP4862","Sales","Low","Decrease","3"
"EMP4879","Sales","Low","Decrease","4"
"EMP4880","HR","Low","Decrease","4"
"EMP4892","Data Scientist","Low","Decrease","5"
"EMP4903","Software Engineer","Low","Decrease","3"
"EMP4922","HR","Low","Decrease","5"
"EMP4951","Project Manager","Low","Decrease","3"
"EMP4954","Designer","Low","Decrease","3"
"EMP4955","Data Scientist","Low","Decrease","3"
"EMP4960","HR","Low","Decrease","5"
"EMP4981","Software Engineer","Low","Decrease","4"
"EMP0005","Sales","High","Decrease","3"
"EMP0011","Software Engineer","High","Decrease","4"
"EMP0015","Project Manager","High","Decrease","5"
"EMP0027","Project Manager","High","Decrease","4"
"EMP0029","Sales","High","Decrease","4"
"EMP0051","HR","High","Decrease","5"
"EMP0068","Marketing","High","Decrease","3"
"EMP0069","Designer","High","Decrease","3"
"EMP0081","Data Scientist","High","Decrease","4"
"EMP0092","Software Engineer","High","Decrease","3"
"EMP0097","Data Scientist","High","Decrease","5"
"EMP0149","Designer","High","Decrease","3"
"EMP0224","Marketing","High","Decrease","4"
"EMP0274","Designer","High","Decrease","3"
"EMP0277","Sales","High","Decrease","4"
"EMP0288","Sales","High","Decrease","3"
"EMP0291","Sales","High","Decrease","4"
"EMP0292","HR","High","Decrease","4"
"EMP0325","Marketing","High","Decrease","3"
"EMP0346","Software Engineer","High","Decrease","3"
"EMP0351","Designer","High","Decrease","3"
"EMP0380","Marketing","High","Decrease","5"
"EMP0388","Sales","High","Decrease","4"
"EMP0407","Project Manager","High","Decrease","3"
"EMP0435","Data Scientist","High","Decrease","3"
"EMP0443","Designer","High","Decrease","4"
"EMP0466","Marketing","High","Decrease","5"
"EMP0472","HR","High","Decrease","3"
"EMP0478","Designer","High","Decrease","3"
"EMP0481","Software Engineer","High","Decrease","3"
"EMP0512","Designer","High","Decrease","4"
"EMP0520","Designer","High","Decrease","4"
"EMP0535","Marketing","High","Decrease","3"
"EMP0550","Project Manager","High","Decrease","5"
"EMP0552","Sales","High","Decrease","5"
"EMP0564","Software Engineer","High","Decrease","4"
"EMP0566","Project Manager","High","Decrease","4"
"EMP0594","Project Manager","High","Decrease","3"
"EMP0602","Marketing","High","Decrease","4"
"EMP0604","Data Scientist","High","Decrease","3"
"EMP0618","Sales","High","Decrease","4"
"EMP0620","HR","High","Decrease","4"
"EMP0621","Software Engineer","High","Decrease","3"
"EMP0639","Software Engineer","High","Decrease","3"
"EMP0656","Designer","High","Decrease","5"
"EMP0660","Software Engineer","High","Decrease","5"
"EMP0677","Sales","High","Decrease","5"
"EMP0698","Project Manager","High","Decrease","4"
"EMP0719","Data Scientist","High","Decrease","3"
"EMP0725","Software Engineer","High","Decrease","5"
"EMP0734","Software Engineer","High","Decrease","3"
"EMP0742","Marketing","High","Decrease","4"
"EMP0749","Project Manager","High","Decrease","5"
"EMP0754","Data Scientist","High","Decrease","3"
"EMP0781","Designer","High","Decrease","3"
"EMP0785","Software Engineer","High","Decrease","3"
"EMP0788","Marketing","High","Decrease","3"
"EMP0794","Marketing","High","Decrease","3"
"EMP0799","Data Scientist","High","Decrease","3"
"EMP0840","Sales","High","Decrease","3"
"EMP0843","Designer","High","Decrease","4"
"EMP0849","HR","High","Decrease","4"
"EMP0872","Marketing","High","Decrease","3"
"EMP0880","Marketing","High","Decrease","4"
"EMP0924","Data Scientist","High","Decrease","3"
"EMP0939","HR","High","Decrease","3"
"EMP0941","Marketing","High","Decrease","3"
"EMP0959","Designer","High","Decrease","4"
"EMP0967","Sales","High","Decrease","3"
"EMP0974","Software Engineer","High","Decrease","3"
"EMP0982","Designer","High","Decrease","5"
"EMP1003","Sales","High","Decrease","3"
"EMP1010","Designer","High","Decrease","5"
"EMP1028","Data Scientist","High","Decrease","3"
"EMP1034","HR","High","Decrease","5"
"EMP1056","Data Scientist","High","Decrease","3"
"EMP1077","Project Manager","High","Decrease","4"
"EMP1085","Marketing","High","Decrease","4"
"EMP1089","Project Manager","High","Decrease","3"
"EMP1110","Software Engineer","High","Decrease","5"
"EMP1162","Designer","High","Decrease","3"
"EMP1182","Marketing","High","Decrease","4"
"EMP1186","HR","High","Decrease","4"
"EMP1194","Software Engineer","High","Decrease","3"
"EMP1195","Designer","High","Decrease","4"
"EMP1196","Project Manager","High","Decrease","3"
"EMP1210","Sales","High","Decrease","5"
"EMP1214","Marketing","High","Decrease","3"
"EMP1227","Designer","High","Decrease","4"
"EMP1237","Data Scientist","High","Decrease","5"
"EMP1252","Marketing","High","Decrease","3"
"EMP1266","Data Scientist","High","Decrease","3"
"EMP1286","Marketing","High","Decrease","5"
"EMP1289","Project Manager","High","Decrease","3"
"EMP1297","Sales","High","Decrease","3"
"EMP1325","Data Scientist","High","Decrease","5"
"EMP1326","Marketing","High","Decrease","4"
"EMP1333","Data Scientist","High","Decrease","5"
"EMP1342","HR","High","Decrease","4"
"EMP1357","Software Engineer","High","Decrease","5"
"EMP1366","Marketing","High","Decrease","4"
"EMP1382","Marketing","High","Decrease","3"
"EMP1388","Data Scientist","High","Decrease","4"
"EMP1403","Software Engineer","High","Decrease","5"
"EMP1411","Designer","High","Decrease","4"
"EMP1445","Data Scientist","High","Decrease","4"
"EMP1486","Data Scientist","High","Decrease","4"
"EMP1492","HR","High","Decrease","3"
"EMP1501","Software Engineer","High","Decrease","5"
"EMP1521","Software Engineer","High","Decrease","5"
"EMP1523","Marketing","High","Decrease","4"
"EMP1524","Project Manager","High","Decrease","4"
"EMP1535","Project Manager","High","Decrease","4"
"EMP1547","Sales","High","Decrease","3"
"EMP1548","Marketing","High","Decrease","3"
"EMP1552","Sales","High","Decrease","3"
"EMP1571","HR","High","Decrease","3"
"EMP1578","Data Scientist","High","Decrease","3"
"EMP1579","Project Manager","High","Decrease","3"
"EMP1592","Designer","High","Decrease","5"
"EMP1621","Sales","High","Decrease","3"
"EMP1629","HR","High","Decrease","3"
"EMP1632","Sales","High","Decrease","5"
"EMP1655","HR","High","Decrease","4"
"EMP1656","Data Scientist","High","Decrease","5"
"EMP1661","Project Manager","High","Decrease","5"
"EMP1687","Sales","High","Decrease","4"
"EMP1696","Project Manager","High","Decrease","4"
"EMP1706","Data Scientist","High","Decrease","5"
"EMP1707","Marketing","High","Decrease","4"
"EMP1715","Data Scientist","High","Decrease","3"
"EMP1730","Project Manager","High","Decrease","3"
"EMP1746","Software Engineer","High","Decrease","5"
"EMP1752","Project Manager","High","Decrease","3"
"EMP1772","Data Scientist","High","Decrease","5"
"EMP1783","HR","High","Decrease","5"
"EMP1793","Data Scientist","High","Decrease","4"
"EMP1817","Data Scientist","High","Decrease","5"
"EMP1819","Designer","High","Decrease","5"
"EMP1847","Marketing","High","Decrease","5"
"EMP1848","Project Manager","High","Decrease","4"
"EMP1875","Designer","High","Decrease","4"
"EMP1885","Sales","High","Decrease","5"
"EMP1902","Project Manager","High","Decrease","4"
"EMP1962","Project Manager","High","Decrease","5"
"EMP1987","Sales","High","Decrease","4"
"EMP2007","Software Engineer","High","Decrease","5"
"EMP2009","Data Scientist","High","Decrease","5"
"EMP2022","Project Manager","High","Decrease","4"
"EMP2025","Project Manager","High","Decrease","4"
"EMP2048","Data Scientist","High","Decrease","5"
"EMP2065","Sales","High","Decrease","4"
"EMP2066","HR","High","Decrease","3"
"EMP2098","Marketing","High","Decrease","4"
"EMP2128","Data Scientist","High","Decrease","3"
"EMP2130","HR","High","Decrease","4"
"EMP2147","Data Scientist","High","Decrease","5"
"EMP2148","Project Manager","High","Decrease","3"
"EMP2149","Designer","High","Decrease","5"
"EMP2156","Project Manager","High","Decrease","3"
"EMP2167","Designer","High","Decrease","3"
"EMP2180","Designer","High","Decrease","5"
"EMP2223","Sales","High","Decrease","3"
"EMP2247","Sales","High","Decrease","4"
"EMP2248","Project Manager","High","Decrease","3"
"EMP2256","Designer","High","Decrease","4"
"EMP2262","Designer","High","Decrease","4"
"EMP2274","Designer","High","Decrease","5"
"EMP2302","Project Manager","High","Decrease","3"
"EMP2307","Data Scientist","High","Decrease","5"
"EMP2320","Designer","High","Decrease","4"
"EMP2326","Software Engineer","High","Decrease","3"
"EMP2327","Project Manager","High","Decrease","5"
"EMP2335","Designer","High","Decrease","3"
"EMP2337","Data Scientist","High","Decrease","5"
"EMP2374","Sales","High","Decrease","3"
"EMP2382","Sales","High","Decrease","4"
"EMP2408","Data Scientist","High","Decrease","4"
"EMP2412","HR","High","Decrease","3"
"EMP2418","Designer","High","Decrease","4"
"EMP2449","Data Scientist","High","Decrease","5"
"EMP2451","Project Manager","High","Decrease","3"
"EMP2454","Marketing","High","Decrease","5"
"EMP2462","Data Scientist","High","Decrease","5"
"EMP2478","Marketing","High","Decrease","5"
"EMP2513","Software Engineer","High","Decrease","5"
"EMP2514","Marketing","High","Decrease","5"
"EMP2532","Sales","High","Decrease","3"
"EMP2546","Software Engineer","High","Decrease","4"
"EMP2561","Data Scientist","High","Decrease","5"
"EMP2563","Data Scientist","High","Decrease","5"
"EMP2565","Designer","High","Decrease","3"
"EMP2574","Data Scientist","High","Decrease","3"
"EMP2621","Designer","High","Decrease","5"
"EMP2623","Project Manager","High","Decrease","3"
"EMP2632","Project Manager","High","Decrease","4"
"EMP2645","Designer","High","Decrease","3"
"EMP2646","HR","High","Decrease","5"
"EMP2648","HR","High","Decrease","4"
"EMP2682","Marketing","High","Decrease","4"
"EMP2689","Sales","High","Decrease","5"
"EMP2709","Data Scientist","High","Decrease","5"
"EMP2711","Project Manager","High","Decrease","5"
"EMP2735","Marketing","High","Decrease","5"
"EMP2739","Data Scientist","High","Decrease","4"
"EMP2757","Project Manager","High","Decrease","5"
"EMP2786","Software Engineer","High","Decrease","5"
"EMP2826","Sales","High","Decrease","3"
"EMP2865","Project Manager","High","Decrease","5"
"EMP2890","Sales","High","Decrease","4"
"EMP2892","Designer","High","Decrease","5"
"EMP2904","Software Engineer","High","Decrease","3"
"EMP2906","HR","High","Decrease","5"
"EMP2908","Project Manager","High","Decrease","3"
"EMP2921","Designer","High","Decrease","4"
"EMP2938","HR","High","Decrease","5"
"EMP2939","Data Scientist","High","Decrease","4"
"EMP2951","Designer","High","Decrease","3"
"EMP2955","Marketing","High","Decrease","5"
"EMP2966","Software Engineer","High","Decrease","4"
"EMP2984","Project Manager","High","Decrease","3"
"EMP2996","Marketing","High","Decrease","5"
"EMP3029","Data Scientist","High","Decrease","5"
"EMP3030","Data Scientist","High","Decrease","4"
"EMP3045","Marketing","High","Decrease","5"
"EMP3059","Designer","High","Decrease","4"
"EMP3072","Sales","High","Decrease","5"
"EMP3094","Sales","High","Decrease","5"
"EMP3099","Project Manager","High","Decrease","5"
"EMP3103","Data Scientist","High","Decrease","3"
"EMP3124","Sales","High","Decrease","3"
"EMP3135","Designer","High","Decrease","3"
"EMP3137","Project Manager","High","Decrease","4"
"EMP3165","Marketing","High","Decrease","3"
"EMP3194","Data Scientist","High","Decrease","4"
"EMP3209","Designer","High","Decrease","4"
"EMP3219","Project Manager","High","Decrease","3"
"EMP3224","Project Manager","High","Decrease","5"
"EMP3247","Designer","High","Decrease","3"
"EMP3257","Marketing","High","Decrease","4"
"EMP3264","Sales","High","Decrease","5"
"EMP3296","Designer","High","Decrease","5"
"EMP3305","HR","High","Decrease","3"
"EMP3311","HR","High","Decrease","4"
"EMP3313","Sales","High","Decrease","5"
"EMP3314","Software Engineer","High","Decrease","3"
"EMP3345","Sales","High","Decrease","5"
"EMP3352","Software Engineer","High","Decrease","5"
"EMP3363","HR","High","Decrease","3"
"EMP3379","Designer","High","Decrease","5"
"EMP3384","Marketing","High","Decrease","4"
"EMP3446","Software Engineer","High","Decrease","4"
"EMP3457","Software Engineer","High","Decrease","3"
"EMP3482","Marketing","High","Decrease","3"
"EMP3495","Project Manager","High","Decrease","3"
"EMP3497","Marketing","High","Decrease","3"
"EMP3499","HR","High","Decrease","3"
"EMP3514","Marketing","High","Decrease","5"
"EMP3559","HR","High","Decrease","5"
"EMP3562","Designer","High","Decrease","5"
"EMP3585","Data Scientist","High","Decrease","3"
"EMP3591","Sales","High","Decrease","4"
"EMP3592","Designer","High","Decrease","3"
"EMP3594","Marketing","High","Decrease","5"
"EMP3598","Marketing","High","Decrease","5"
"EMP3615","Sales","High","Decrease","4"
"EMP3634","Designer","High","Decrease","3"
"EMP3666","Designer","High","Decrease","4"
"EMP3682","Software Engineer","High","Decrease","3"
"EMP3686","Project Manager","High","Decrease","4"
"EMP3709","HR","High","Decrease","4"
"EMP3758","Data Scientist","High","Decrease","3"
"EMP3773","Project Manager","High","Decrease","3"
"EMP3779","HR","High","Decrease","5"
"EMP3782","Data Scientist","High","Decrease","4"
"EMP3806","Designer","High","Decrease","4"
"EMP3810","Sales","High","Decrease","5"
"EMP3832","HR","High","Decrease","3"
"EMP3842","HR","High","Decrease","3"
"EMP3852","Designer","High","Decrease","5"
"EMP3865","Sales","High","Decrease","3"
"EMP3881","Project Manager","High","Decrease","5"
"EMP3886","Marketing","High","Decrease","4"
"EMP3899","Project Manager","High","Decrease","3"
"EMP3900","Data Scientist","High","Decrease","4"
"EMP3904","HR","High","Decrease","3"
"EMP3907","Project Manager","High","Decrease","3"
"EMP3908","Software Engineer","High","Decrease","4"
"EMP3933","Designer","High","Decrease","4"
"EMP3973","Data Scientist","High","Decrease","4"
"EMP3983","Data Scientist","High","Decrease","5"
"EMP3995","Sales","High","Decrease","5"
"EMP3996","Designer","High","Decrease","4"
"EMP4003","Software Engineer","High","Decrease","5"
"EMP4011","Project Manager","High","Decrease","5"
"EMP4017","Marketing","High","Decrease","5"
"EMP4067","Software Engineer","High","Decrease","4"
"EMP4073","Marketing","High","Decrease","5"
"EMP4079","Marketing","High","Decrease","3"
"EMP4102","Designer","High","Decrease","5"
"EMP4121","Project Manager","High","Decrease","5"
"EMP4169","Data Scientist","High","Decrease","4"
"EMP4184","Sales","High","Decrease","3"
"EMP4186","HR","High","Decrease","5"
"EMP4195","Designer","High","Decrease","5"
"EMP4206","Marketing","High","Decrease","3"
"EMP4216","Data Scientist","High","Decrease","3"
"EMP4220","Designer","High","Decrease","5"
"EMP4224","HR","High","Decrease","4"
"EMP4238","Designer","High","Decrease","4"
"EMP4249","Project Manager","High","Decrease","5"
"EMP4254","HR","High","Decrease","5"
"EMP4279","Marketing","High","Decrease","4"
"EMP4281","Project Manager","High","Decrease","3"
"EMP4290","Software Engineer","High","Decrease","4"
"EMP4307","Data Scientist","High","Decrease","4"
"EMP4322","Data Scientist","High","Decrease","5"
"EMP4323","HR","High","Decrease","4"
"EMP4327","Sales","High","Decrease","4"
"EMP4328","Project Manager","High","Decrease","3"
"EMP4335","Sales","High","Decrease","4"
"EMP4403","HR","High","Decrease","5"
"EMP4410","Project Manager","High","Decrease","4"
"EMP4412","HR","High","Decrease","3"
"EMP4416","Project Manager","High","Decrease","5"
"EMP4432","Project Manager","High","Decrease","3"
"EMP4437","Marketing","High","Decrease","4"
"EMP4457","Software Engineer","High","Decrease","3"
"EMP4499","Designer","High","Decrease","5"
"EMP4510","Data Scientist","High","Decrease","5"
"EMP4512","HR","High","Decrease","4"
"EMP4529","Marketing","High","Decrease","3"
"EMP4531","Designer","High","Decrease","5"
"EMP4547","Designer","High","Decrease","5"
"EMP4564","Data Scientist","High","Decrease","5"
"EMP4584","Designer","High","Decrease","4"
"EMP4592","Sales","High","Decrease","5"
"EMP4596","HR","High","Decrease","5"
"EMP4640","Software Engineer","High","Decrease","4"
"EMP4646","Project Manager","High","Decrease","4"
"EMP4651","Designer","High","Decrease","5"
"EMP4694","HR","High","Decrease","4"
"EMP4715","Software Engineer","High","Decrease","4"
"EMP4726","Designer","High","Decrease","3"
"EMP4733","Software Engineer","High","Decrease","3"
"EMP4776","Software Engineer","High","Decrease","3"
"EMP4804","Project Manager","High","Decrease","4"
"EMP4809","Marketing","High","Decrease","4"
"EMP4843","Software Engineer","High","Decrease","5"
"EMP4854","Designer","High","Decrease","4"
"EMP4881","Marketing","High","Decrease","4"
"EMP4899","HR","High","Decrease","5"
"EMP4904","HR","High","Decrease","3"
"EMP4909","Data Scientist","High","Decrease","3"
"EMP4926","HR","High","Decrease","5"
"EMP4959","Project Manager","High","Decrease","5"
"EMP4996","Sales","High","Decrease","4"
